{"cameraMode":{"drawMode":0,"name":"Shaded","section":"Shading Mode"},"sceneLighting":false,"audioPlay":false,"sceneViewState":{"showFog":true,"showMaterialUpdate":false,"showSkybox":true,"showFlares":true,"showImageEffects":true,"showParticleSystems":true},"in2DMode":false,"pivot":{"x":0.1499999761581421,"y":0.3700000047683716,"z":8.78499984741211},"rotation":{"x":0.07298605889081955,"y":-0.1888294517993927,"z":0.014074102975428105,"w":0.9792025089263916},"size":4.685099124908447,"orthographic":true}