{"cameraMode":{"drawMode":0,"name":"Shaded","section":"Shading Mode"},"sceneLighting":false,"audioPlay":false,"sceneViewState":{"showFog":true,"showMaterialUpdate":false,"showSkybox":true,"showFlares":true,"showImageEffects":true,"showParticleSystems":true},"in2DMode":false,"pivot":{"x":6.442636966705322,"y":-0.40215206146240237,"z":-0.9607629776000977},"rotation":{"x":0.3111090362071991,"y":-0.049868326634168628,"z":0.016348600387573243,"w":0.9489287734031677},"size":17.601097106933595,"orthographic":false}