{"cameraMode":{"drawMode":0,"name":"Shaded","section":"Shading Mode"},"sceneLighting":false,"audioPlay":false,"sceneViewState":{"showFog":true,"showMaterialUpdate":false,"showSkybox":true,"showFlares":true,"showImageEffects":true,"showParticleSystems":true},"in2DMode":false,"pivot":{"x":0.08211934566497803,"y":-0.1199951171875,"z":13.419240951538086},"rotation":{"x":0.2741353213787079,"y":-0.5978899002075195,"z":0.22833582758903504,"w":0.7178096175193787},"size":50.59321975708008,"orthographic":false}