{"cameraMode":{"drawMode":0,"name":"Shaded","section":"Shading Mode"},"sceneLighting":false,"audioPlay":false,"sceneViewState":{"showFog":true,"showMaterialUpdate":false,"showSkybox":true,"showFlares":true,"showImageEffects":true,"showParticleSystems":true},"in2DMode":false,"pivot":{"x":0.06755316257476807,"y":-0.4580000638961792,"z":26.270000457763673},"rotation":{"x":0.3158198893070221,"y":-0.08948981016874314,"z":0.029933743178844453,"w":0.9441233277320862},"size":12.410685539245606,"orthographic":false}