{"cameraMode":{"drawMode":0,"name":"Shaded","section":"Shading Mode"},"sceneLighting":true,"audioPlay":false,"sceneViewState":{"showFog":true,"showMaterialUpdate":false,"showSkybox":true,"showFlares":true,"showImageEffects":true,"showParticleSystems":true},"in2DMode":false,"pivot":{"x":0.2971839904785156,"y":-1.185819387435913,"z":27.60541534423828},"rotation":{"x":0.31415441632270815,"y":-0.1318710446357727,"z":0.044109147042036059,"w":0.9391438364982605},"size":6.59635066986084,"orthographic":false}