{"cameraMode":{"drawMode":0,"name":"Shaded","section":"Shading Mode"},"sceneLighting":false,"audioPlay":false,"sceneViewState":{"showFog":true,"showMaterialUpdate":false,"showSkybox":true,"showFlares":true,"showImageEffects":true,"showParticleSystems":true},"in2DMode":false,"pivot":{"x":1.8342067003250123,"y":-1.8378043174743653,"z":25.2772274017334},"rotation":{"x":0.3763052225112915,"y":-0.005562075413763523,"z":0.0022591257002204658,"w":0.926483154296875},"size":11.770261764526368,"orthographic":false}