{"cameraMode":{"drawMode":0,"name":"Shaded","section":"Shading Mode"},"sceneLighting":true,"audioPlay":false,"sceneViewState":{"showFog":true,"showMaterialUpdate":false,"showSkybox":true,"showFlares":true,"showImageEffects":true,"showParticleSystems":true},"in2DMode":false,"pivot":{"x":4.517371654510498,"y":-0.5472664833068848,"z":11.377607345581055},"rotation":{"x":-0.34176400303840639,"y":-0.13828757405281068,"z":0.05091943219304085,"w":-0.9281615018844605},"size":13.967796325683594,"orthographic":false}