{"cameraMode":{"drawMode":0,"name":"Shaded","section":"Shading Mode"},"sceneLighting":true,"audioPlay":false,"sceneViewState":{"showFog":true,"showMaterialUpdate":false,"showSkybox":true,"showFlares":true,"showImageEffects":true,"showParticleSystems":true},"in2DMode":false,"pivot":{"x":2.9802322387695315e-8,"y":-0.8050000667572022,"z":-5.960464477539063e-8},"rotation":{"x":-0.3410000801086426,"y":0.0400271974503994,"z":-0.01453440636396408,"w":-0.9390986561775208},"size":47.41489791870117,"orthographic":false}